feature,year_pair,status,mean_jump,mean_intra_diff,jump_ratio,nan_rate_head
vol20,2014-2015,✓ 連續,0.005001,0.008164,0.61,0.0
beta,2014-2015,✓ 連續,0.015131,0.013823,1.09,0.0
SMA5,2014-2015,欄位不存在,,,,
CAPM_Beta一月,2014-2015,✓ 連續,0.130238,0.074493,1.75,0.0
CAPM_Beta九月,2014-2015,✓ 連續,0.001715,0.007705,0.22,0.0
CAPM_Beta一年,2014-2015,✓ 連續,0.000144,0.004266,0.03,0.0
daily_return,2014-2015,欄位不存在,,,,
market_return,2014-2015,欄位不存在,,,,
vol20,2015-2016,✓ 連續,0.000331,0.009078,0.04,0.0
beta,2015-2016,✓ 連續,0.014135,0.020207,0.7,0.0
SMA5,2015-2016,欄位不存在,,,,
CAPM_Beta一月,2015-2016,✓ 連續,0.00464,0.064758,0.07,0.0
CAPM_Beta九月,2015-2016,✓ 連續,0.001724,0.004622,0.37,0.0
CAPM_Beta一年,2015-2016,✓ 連續,0.001943,0.003869,0.5,0.0
daily_return,2015-2016,欄位不存在,,,,
market_return,2015-2016,欄位不存在,,,,
vol20,2016-2017,✓ 連續,0.004858,0.008335,0.58,0.0
beta,2016-2017,✓ 連續,0.014413,0.015635,0.92,0.0
SMA5,2016-2017,欄位不存在,,,,
CAPM_Beta一月,2016-2017,✓ 連續,0.040232,0.088283,0.46,0.0
CAPM_Beta九月,2016-2017,✓ 連續,0.000406,0.006141,0.07,0.0
CAPM_Beta一年,2016-2017,✓ 連續,0.000488,0.006295,0.08,0.0
daily_return,2016-2017,欄位不存在,,,,
market_return,2016-2017,欄位不存在,,,,
vol20,2017-2018,✓ 連續,0.007005,0.007996,0.88,0.0
beta,2017-2018,✓ 連續,0.022114,0.037507,0.59,0.0
SMA5,2017-2018,欄位不存在,,,,
CAPM_Beta一月,2017-2018,✓ 連續,0.063436,0.090159,0.7,0.0
CAPM_Beta九月,2017-2018,✓ 連續,0.000214,0.012069,0.02,0.0
CAPM_Beta一年,2017-2018,✓ 連續,0.011619,0.009008,1.29,0.0
daily_return,2017-2018,欄位不存在,,,,
market_return,2017-2018,欄位不存在,,,,
