feature,importance,rank
market_return,1172497.169201374,1
market,918263.6571826935,2
vol20,489391.76102924347,3
星期,278605.0233912468,4
高低價差,176493.75033330917,5
beta,104103.56843662262,6
超額報酬日MSCI,63499.223292827606,7
SMA_240,60414.687306404114,8
RSI_240,57813.13719177246,9
週轉率,55291.28117227554,10
超額報酬週MSCI,49480.58204078674,11
尚可投資股數TSE,47632.80117368698,12
CAPM_Beta三年,46525.59987592697,13
報酬率,45429.361696243286,14
CAPM_Beta二月,44657.31116247177,15
本月以來報酬率,44475.8878030777,16
本週以來報酬率,44358.84271812439,17
超額報酬月MSCI,44039.33811044693,18
CAPM_Beta一月,42825.9561214447,19
CAPM_Beta五年,41445.42278051376,20
CAPM_Beta三月,40942.7876162529,21
SMA_120,39953.68513441086,22
收盤價元2,39929.708986759186,23
融資餘額千元,39407.28926753998,24
RSI_120,38132.2083530426,25
實際週轉率,36227.89434957504,26
daily_return,35816.775443553925,27
SMA_5,35516.09476566315,28
CAPM_Beta六月,35392.74167919159,29
本季以來報酬率,35373.923845767975,30
Volume_Ratio_5,35241.60613489151,31
近一季報酬率,34753.92784833908,32
Price_SMA5_Ratio,34736.6791434288,33
CAPM_Beta二年,33970.910717487335,34
融資使用率,33749.99086236954,35
近一月報酬率,33154.0276799202,36
融資買賣成交量,32995.852284908295,37
近一年報酬率,32691.71981048584,38
ATR_14_Pct,32084.694445610046,39
一般現股成交比重,31766.886119365692,40
CAPM_Beta九月,31576.45237016678,41
本年以來報酬率,31221.437873840332,42
KD_Diff,30687.255212783813,43
RSI_60,30616.930982112885,44
ROC_20,30608.911424160004,45
ROC_5,30160.93824529648,46
ATR_28_Pct,30100.800966262817,47
Volume_Ratio_20,30098.12541627884,48
Price_SMA240_Ratio,30080.000592708588,49
近一週報酬率,29859.86750268936,50
MACD_Signal,29716.034832954407,51
超額報酬週大盤,29169.409136772156,52
外資成交比重,29063.708913326263,53
報酬率1,28896.005302906036,54
超額報酬日大盤,28594.512390613556,55
Price_SMA120_Ratio,28153.296295642853,56
Price_VWAP_Ratio,28041.57733440399,57
超額報酬季MSCI,28025.89093732834,58
股價淨值比TSE,27893.231644153595,59
CAPM_Beta一年,27739.41002035141,60
ROC_10,26905.635717391968,61
董監持股數,26522.53644132614,62
MACD_Hist,26418.698739528656,63
OBV,26100.80449962616,64
現金股利率,25411.829196453094,65
現股連續買賣超區間報酬,25004.03799343109,66
Price_SMA60_Ratio,24692.87348794937,67
自營連續買賣超區間報酬,24569.201050281525,68
超額報酬年MSCI,24491.12185382843,69
SMA_60,24245.049019813538,70
資券連續累計買賣超千,24178.442927837372,71
Momentum_5,24111.439029216766,72
股價淨值比TEJ,23736.187797546387,73
RSI_20,23695.43213415146,74
MACD,23234.26713180542,75
自營成交比重,23224.15382194519,76
股利殖利率TSE,22652.835680007935,77
投信連續買賣超區間報酬,22459.434694767,78
股價漲跌元,22386.619028568268,79
法人成交比重,22365.584510326385,80
Price_SMA10_Ratio,22342.77297925949,81
股價營收比TEJ,21889.744992733,82
融券維持率,21623.78529548645,83
Williams_R_28,21402.965369701385,84
Momentum_20,21216.99881219864,85
超額報酬月大盤,21084.69836330414,86
CCI_14,20984.528096199036,87
資券連續買賣超區間報酬,20374.1016330719,88
融資增減比率,20297.741704940796,89
RSI_5,20167.87582731247,90
超額報酬年大盤,20015.125750541687,91
Momentum_10,19372.701682567596,92
本益比TSE,19338.605740070343,93
融資維持率,18679.15731048584,94
Price_SMA20_Ratio,18548.78460407257,95
本益比TEJ,18430.49788236618,96
Williams_R_14,18273.964208602905,97
超額報酬季大盤,18007.373002529144,98
OBV_ROC,17970.480911254883,99
D,17882.237201690674,100
CCI_20,17794.652064323425,101
整戶維持率,16887.41157388687,102
K,16503.419660568237,103
RSI_10,15897.720695972443,104
BB_PctB_20,15795.846970558167,105
